{"home":"Home","hero_section_title":"Free Video Downloader online","search_bar_placeholder":"Enter your Video link here...","get_in_touch_with_us":"Get in touch with us","source":"Source","share_on_facebook":"Share on Facebook","share_on_twitter":"Share on Twitter","share_on_googleplus":"Share on Google+","share_on_vk":"Share on VK","share_on_whatsapp":"Share on WhatsApp","video":"Video","video_only":"Video only","more":"More","less":"Less","audio":"Audio","gif":"GIF","quality":"Quality","format":"Format","size":"Size","downloads":"Downloads","download":"Download","error":"Error","source_not_found_error":"Currently this source isn't supported, maybe we will add it in future.","video_not_found_error":"Unable to fetch video, Invalid link or Video Doesn't Exist.","invalid_url_error":"Invalid Url. Make sure url is with *{*http*}* or *{*https*}*","stay_in_touch_with_us":"Stay in touch with us","features_heading":"Powerful Features to Download Videos","multiple_sources_heading":"Download Videos from Multiple Sources","multiple_sources_description":"Video Downloader Script offers you to download videos from multiple sources which includes  Vimeo, Facebook, Dailymotion, SoundCloud, Instagram, Liveleak, Break and Imgur.","multiple_formats_heading":"Download Videos in Multiple Formats","multiple_formats_description":"Download videos in multiple formats including MP4, AVI, MP3, WEBM, 3GP.","supported_sources":"Supported Sources","more_coming_soon":"More coming soon...","copyright":"Copyright","all_rights_reserved":"All Rights Reserved","contact_us":"Contact Us","contact_page_heading":"Get in touch with us","enter_your_name":"Enter your Name...","enter_your_email":"Enter your email...","enter_subject":"Enter subject...","enter_your_message":"Enter your message...","send":"Send","name_error":"Only A-z and spaces allowed","email_error":"Invalid email address","subject_error":"Subject should not be empty","message_error":"Message should not be empty","captcha_error":"Invalid Captcha","page_not_found":"Page Not Found","page_not_found_description":"You seem to be trying to find this way home.","back_to_home":"Back to home","here":"here","dm_download_guide_heading":"To Download video from dailymotion follow these steps","dm_download_guide_step_1":"Goto the Video *{*page*}* by clicking","dm_download_guide_step_2":"After opening the page press *{*ctrl + u*}* from keyboard or *{*Right Click*}* any where on page and click on *{*View Page Source*}*","dm_download_guide_step_3":"Select all the source code by pressing *{*ctrl + a*}*","dm_download_guide_step_4":"Copy all the source code by pressing *{*ctrl + c*}* or *{*Right Click*}* any where on page and click on *{*copy*}*","dm_download_guide_step_5":"After copying came back to this page and paste the code in the *{*text box*}* below and click on *{*generate link*}* button","paste_source_code_here":"Paste source code here...","generate_link":"Generate Link","close":"Close"}