{"home":"Casa","hero_section_title":"Downloader video gratuito online","search_bar_placeholder":"Inserisci il tuo link video qui .....","get_in_touch_with_us":"Mettetevi in contatto con noi","source":"fonte","share_on_facebook":"Condividi su Facebook","share_on_twitter":"Condividi su Twitter","share_on_googleplus":"Condividi su Google+","share_on_vk":"Condividi su VK","share_on_whatsapp":"Condividi su WhatsApp","video":"Video","video_only":"Solo video","more":"Di Pi\u00f9","less":"Di meno","audio":"Audio","gif":"GIF","quality":"Qualit\u00e0","format":"Formato","size":"Dimensione","downloads":"Downloads","download":"Download","error":"Errore","source_not_found_error":"Attualmente questa fonte non \u00e8 supportata, forse la aggiungeremo in futuro.","video_not_found_error":"Impossibile recuperare il video, il collegamento non valido o il video non esiste.","invalid_url_error":"URL non valido. Assicurati che url sia con *{*http*}* o *{*https*}*","stay_in_touch_with_us":"Resta in contatto con noi","features_heading":"Funzionalit\u00e0 potenti per scaricare video","multiple_sources_heading":"Scarica video da pi\u00f9 fonti","multiple_sources_description":"Video Downloader Script ti offre il download di video da pi\u00f9 fonti che include Vimeo, Facebook, Dailymotion, SoundCloud, Instagram, Liveleak, Break e Imgur.","multiple_formats_heading":"Scarica video in pi\u00f9 formati","multiple_formats_description":"Scarica video in pi\u00f9 formati tra cui MP4, AVI, MP3, WEBM, 3GP.","supported_sources":"Sorgenti supportate","more_coming_soon":"Maggiori informazioni tra breve...","copyright":"Diritto d'autore","all_rights_reserved":"Tutti i diritti riservati","contact_us":"Contattaci","contact_page_heading":"Mettetevi in contatto con noi","enter_your_name":"Inserisci il tuo nome...","enter_your_email":"Inserisci il tuo indirizzo email...","enter_subject":"Inserisci oggetto ...","enter_your_message":"Inserisci il tuo messaggio ...","send":"Inviare","name_error":"Solo A-z e spazi consentiti","email_error":"indirizzo email non valido","subject_error":"Il soggetto non dovrebbe essere vuoto","message_error":"Il messaggio non dovrebbe essere vuoto","captcha_error":"CAPTCHA non valido","page_not_found":"Pagina non trovata","page_not_found_description":"Sembra che tu stia cercando di trovare la strada di casa.","back_to_home":"Tornare a casa","here":"Qui","dm_download_guide_heading":"Per scaricare video da dailymotion segui questi passaggi","dm_download_guide_step_1":"Vai al video *{*pagina*}* facendo clic","dm_download_guide_step_2":"Dopo aver aperto la pagina, premere *{*ctrl + u*}* dalla tastiera o *{*Fare clic destro*}* in qualsiasi punto della pagina e fare clic su *{*Visualizza origine pagina*}*","dm_download_guide_step_3":"Seleziona tutto il codice sorgente premendo *{*ctrl + a*}*","dm_download_guide_step_4":"Copia tutto il codice sorgente premendo *{*ctrl + c*}* o *{*Clic destro*}* qualsiasi dove sulla pagina e fai clic su *{*copia*} *","dm_download_guide_step_5":"Dopo la copia ritorna a questa pagina e incolla il codice nella *{*casella di testo*}* sotto e clicca su *{*genera collegamento*}* pulsante","paste_source_code_here":"Incolla qui il codice sorgente ...","generate_link":"Genera link","close":"Vicino"}